{
    "name": "root",
    "metadata": {
        "timer_format_version": "0.1.0",
        "start_time_seconds": "1680445864",
        "python_version": "3.9.10 (tags/v3.9.10:f2f3f53, Jan 17 2022, 15:14:21) [MSC v.1929 64 bit (AMD64)]",
        "command_line_arguments": "C:\\Users\\ReV\\AppData\\Local\\Programs\\Python\\Python39\\Scripts\\mlagents-learn agent-config.yaml --run-id TetrisPPO --force",
        "mlagents_version": "0.30.0",
        "mlagents_envs_version": "0.30.0",
        "communication_protocol_version": "1.5.0",
        "pytorch_version": "1.13.1+cu117",
        "numpy_version": "1.21.2",
        "end_time_seconds": "1680445887"
    },
    "total": 22.8375279,
    "count": 1,
    "self": 0.009589100000003015,
    "children": {
        "run_training.setup": {
            "total": 0.0934364999999997,
            "count": 1,
            "self": 0.0934364999999997
        },
        "TrainerController.start_learning": {
            "total": 22.7345023,
            "count": 1,
            "self": 0.00011709999999709453,
            "children": {
                "TrainerController._reset_env": {
                    "total": 22.731403,
                    "count": 1,
                    "self": 22.7313122,
                    "children": {
                        "demo_to_buffer": {
                            "total": 9.079999999883626e-05,
                            "count": 1,
                            "self": 9.999999996068709e-06,
                            "children": {
                                "load_demonstration": {
                                    "total": 8.080000000276755e-05,
                                    "count": 1,
                                    "self": 8.080000000276755e-05
                                }
                            }
                        }
                    }
                },
                "TrainerController._save_models": {
                    "total": 0.0029822000000017113,
                    "count": 1,
                    "self": 0.00028700000000370096,
                    "children": {
                        "RLTrainer._checkpoint": {
                            "total": 0.0026951999999980103,
                            "count": 1,
                            "self": 0.0026951999999980103
                        }
                    }
                }
            }
        }
    }
}