{
    "name": "root",
    "gauges": {
        "TetrisPPO.Policy.Entropy.mean": {
            "value": 2.4692156314849854,
            "min": 2.467189073562622,
            "max": 2.473289728164673,
            "count": 4
        },
        "TetrisPPO.Policy.Entropy.sum": {
            "value": 20227.814453125,
            "min": 20211.212890625,
            "max": 30391.78515625,
            "count": 4
        },
        "TetrisPPO.Step.mean": {
            "value": 9389981.0,
            "min": 9359901.0,
            "max": 9389981.0,
            "count": 4
        },
        "TetrisPPO.Step.sum": {
            "value": 9389981.0,
            "min": 9359901.0,
            "max": 9389981.0,
            "count": 4
        },
        "TetrisPPO.Policy.ExtrinsicValueEstimate.mean": {
            "value": 0.1156756728887558,
            "min": -0.08617749065160751,
            "max": 0.1156756728887558,
            "count": 4
        },
        "TetrisPPO.Policy.ExtrinsicValueEstimate.sum": {
            "value": 9.02270221710205,
            "min": -3.8594791889190674,
            "max": 9.02270221710205,
            "count": 4
        },
        "TetrisPPO.Policy.GailValueEstimate.mean": {
            "value": 26.172883987426758,
            "min": 11.339488983154297,
            "max": 26.172883987426758,
            "count": 4
        },
        "TetrisPPO.Policy.GailValueEstimate.sum": {
            "value": 2041.4849853515625,
            "min": 442.2400817871094,
            "max": 2041.4849853515625,
            "count": 4
        },
        "TetrisPPO.IsTraining.mean": {
            "value": 1.0,
            "min": 1.0,
            "max": 1.0,
            "count": 4
        },
        "TetrisPPO.IsTraining.sum": {
            "value": 1.0,
            "min": 1.0,
            "max": 1.0,
            "count": 4
        }
    },
    "metadata": {
        "timer_format_version": "0.1.0",
        "start_time_seconds": "1680504472",
        "python_version": "3.9.10 (tags/v3.9.10:f2f3f53, Jan 17 2022, 15:14:21) [MSC v.1929 64 bit (AMD64)]",
        "command_line_arguments": "C:\\Users\\ReV\\AppData\\Local\\Programs\\Python\\Python39\\Scripts\\mlagents-learn config/agent-config.yaml --run-id GC --no-graphics --resume",
        "mlagents_version": "0.30.0",
        "mlagents_envs_version": "0.30.0",
        "communication_protocol_version": "1.5.0",
        "pytorch_version": "1.13.1+cu117",
        "numpy_version": "1.21.2",
        "end_time_seconds": "1680504561"
    },
    "total": 89.39489510000001,
    "count": 1,
    "self": 0.004776500000019723,
    "children": {
        "run_training.setup": {
            "total": 0.07883360000000006,
            "count": 1,
            "self": 0.07883360000000006
        },
        "TrainerController.start_learning": {
            "total": 89.311285,
            "count": 1,
            "self": 0.02003200000008576,
            "children": {
                "TrainerController._reset_env": {
                    "total": 20.8212584,
                    "count": 1,
                    "self": 9.5244776,
                    "children": {
                        "demo_to_buffer": {
                            "total": 11.2967808,
                            "count": 1,
                            "self": 0.0003486000000023637,
                            "children": {
                                "load_demonstration": {
                                    "total": 0.1874033999999991,
                                    "count": 1,
                                    "self": 0.1675141,
                                    "children": {
                                        "read_file": {
                                            "total": 0.01988929999999911,
                                            "count": 1,
                                            "self": 0.01988929999999911
                                        }
                                    }
                                },
                                "make_demo_buffer": {
                                    "total": 11.109028799999999,
                                    "count": 1,
                                    "self": 1.8100944000001622,
                                    "children": {
                                        "steps_from_proto": {
                                            "total": 9.298934399999837,
                                            "count": 107088,
                                            "self": 5.923569600000608,
                                            "children": {
                                                "_process_rank_one_or_two_observation": {
                                                    "total": 3.375364799999229,
                                                    "count": 214176,
                                                    "self": 3.375364799999229
                                                }
                                            }
                                        }
                                    }
                                }
                            }
                        }
                    }
                },
                "TrainerController.advance": {
                    "total": 68.2411483999999,
                    "count": 1417,
                    "self": 0.01828249999979903,
                    "children": {
                        "env_step": {
                            "total": 62.78683380000007,
                            "count": 1417,
                            "self": 55.94140920000021,
                            "children": {
                                "SubprocessEnvManager._take_step": {
                                    "total": 6.833631799999942,
                                    "count": 1417,
                                    "self": 0.08808970000003669,
                                    "children": {
                                        "TorchPolicy.evaluate": {
                                            "total": 6.745542099999906,
                                            "count": 1417,
                                            "self": 6.745542099999906
                                        }
                                    }
                                },
                                "workers": {
                                    "total": 0.011792799999920334,
                                    "count": 1416,
                                    "self": 0.0,
                                    "children": {
                                        "worker_root": {
                                            "total": 34.92501979999992,
                                            "count": 1416,
                                            "is_parallel": true,
                                            "self": 28.067889699999935,
                                            "children": {
                                                "steps_from_proto": {
                                                    "total": 0.0010898999999993109,
                                                    "count": 1,
                                                    "is_parallel": true,
                                                    "self": 0.0002262999999995685,
                                                    "children": {
                                                        "_process_rank_one_or_two_observation": {
                                                            "total": 0.0008635999999997424,
                                                            "count": 2,
                                                            "is_parallel": true,